{
  "name": {
    "precision": 1.0,
    "recall": 0.9642857142857143,
    "f1-score": 0.9818181818181818,
    "support": 28
  },
  "micro avg": {
    "precision": 1.0,
    "recall": 0.9642857142857143,
    "f1-score": 0.9818181818181818,
    "support": 28
  },
  "macro avg": {
    "precision": 1.0,
    "recall": 0.9642857142857143,
    "f1-score": 0.9818181818181818,
    "support": 28
  },
  "weighted avg": {
    "precision": 1.0,
    "recall": 0.9642857142857143,
    "f1-score": 0.9818181818181818,
    "support": 28
  }
}