{"cameraMode":{"drawMode":0,"name":"Shaded","section":"Shading Mode"},"sceneLighting":false,"audioPlay":false,"sceneViewState":{"showFog":true,"showMaterialUpdate":false,"showSkybox":false,"showFlares":true,"showImageEffects":true,"showParticleSystems":true},"in2DMode":false,"pivot":{"x":1.4998559951782227,"y":8.304306030273438,"z":-10.536399841308594},"rotation":{"x":-0.06354629993438721,"y":-0.9303800463676453,"z":0.19423231482505799,"w":-0.30440640449523928},"size":7.1126861572265629,"orthographic":false}